Year,Crop_Type,Average_Temperature_C,Average_Humidity,Rainfall_mm,Pesticide_Usage_kg,Soil_pH,Yield_Tons,Market_Price_INR
2025,Brinjal,34.21,64.76,723.84,13.95,7.14,3.14,31073
2025,Potato,20.84,62.63,912.02,10.09,7.32,2.63,30492
2021,Cotton,25.06,64.2,1010.22,9.53,5.62,4.53,44317
2025,Rice,28.89,72.55,1157.83,9.13,7.31,4.24,35209
2022,Brinjal,31.38,45.32,571.56,13.79,7.2,2.64,24715
2025,Banana,27.26,65.06,406.2,11.16,7.74,4.55,40805
2026,Wheat,33.05,72.66,155.24,12.44,6.51,3.97,41851
2016,Cotton,28.33,41.02,283.71,11.56,6.56,4.49,44691
2017,Coffee,19.24,62.71,1185.63,2.77,7.06,3.76,37985
2016,Brinjal,24.55,50.83,836.04,14.17,6.24,4.34,36719
2016,Potato,30.55,84.8,318.1,2.91,7.8,2.48,26474
2019,Mango,27.48,79.44,816.92,10.51,7.24,3.97,35690
2018,Rice,28.42,44.09,899.2,4.96,7.46,3.89,34551
2022,Banana,25.26,63.48,385.44,11.7,6.43,5.0,53673
2022,Potato,25.66,41.37,547.35,2.73,6.27,4.27,38865
2022,Brinjal,21.32,61.83,385.33,5.52,5.99,2.42,20958
2023,Potato,32.97,44.26,1023.85,12.28,6.17,2.57,28801
2015,Wheat,20.06,59.47,686.86,8.58,7.0,2.49,26757
2018,Wheat,19.1,56.56,108.31,2.96,7.17,3.0,25617
2019,Potato,28.62,59.2,981.69,4.51,6.47,4.69,46196
2025,Cotton,32.75,58.79,306.53,12.89,5.82,1.88,19262
2026,Brinjal,20.69,72.29,513.58,14.59,6.67,3.66,38101
2025,Potato,21.09,43.23,655.59,11.73,6.75,2.98,29696
2018,Potato,18.43,52.15,1169.78,5.89,7.62,2.11,21239
2026,Tomato,33.75,69.41,587.14,4.06,7.62,2.3,20583
2019,Wheat,20.63,82.77,800.08,9.74,6.4,3.65,37437
2018,Tomato,23.83,65.4,972.81,2.18,7.26,4.58,53249
2015,Wheat,32.12,56.4,238.87,9.16,6.1,3.19,35269
2023,Coffee,25.88,40.21,983.27,13.38,7.13,4.74,53677
2022,Cotton,18.83,84.79,842.0,1.41,5.62,3.05,36287
2016,Coffee,34.1,68.54,227.87,13.28,7.08,3.75,42173
2020,Tomato,22.36,48.45,969.08,11.51,7.59,3.98,42918
2026,Coffee,20.18,77.71,985.86,1.57,6.47,3.53,37333
2020,Potato,22.57,51.94,1076.89,1.08,5.57,3.69,42504
2025,Wheat,33.08,62.5,313.25,4.17,6.72,3.81,39145
2025,Sugarcane,24.55,44.52,989.5,13.82,5.68,3.26,37014
2021,Coffee,30.44,60.21,948.03,10.48,7.67,2.98,27567
2025,Potato,19.78,70.37,262.15,6.99,6.67,3.87,45722
2020,Sugarcane,23.45,57.07,497.27,11.63,6.98,3.82,30908
2025,Wheat,18.87,62.61,868.62,4.34,7.41,2.61,23023
2025,Rice,35.93,56.39,372.09,13.65,7.32,1.52,12855
2020,Wheat,19.32,76.86,550.64,14.39,5.53,2.99,24271
2024,Tomato,20.86,74.46,874.58,11.12,7.38,3.0,25308
2018,Wheat,26.4,67.46,519.93,13.59,6.24,4.74,56158
2015,Mango,18.57,42.28,1016.61,3.49,6.74,2.72,22659
2026,Tomato,29.08,49.74,416.41,1.11,5.69,3.6,41710
2022,Potato,33.28,48.68,492.66,3.36,7.15,2.56,25054
2015,Potato,18.55,68.91,628.62,9.51,7.68,2.74,24132
2017,Rice,18.91,76.07,525.73,1.54,7.23,3.18,37241
2026,Tomato,31.74,76.21,367.2,4.99,7.22,2.39,24959
2025,Brinjal,20.55,79.38,345.54,3.3,5.87,2.3,18866
2024,Cotton,23.02,42.93,195.77,9.81,5.67,3.37,34170
2022,Coffee,22.27,79.75,927.58,4.6,5.7,4.34,49479
2021,Sugarcane,24.36,69.83,1064.38,14.68,6.19,5.48,51659
2023,Cotton,33.08,80.85,652.24,6.16,5.7,3.16,31239
2021,Coffee,27.69,67.47,805.0,5.84,6.54,5.41,50485
2018,Coffee,18.11,56.5,1099.07,7.49,7.37,1.51,16560
2019,Mango,27.51,70.6,1060.15,13.8,5.52,4.37,44198
2023,Rice,32.0,49.58,826.66,11.88,6.5,3.17,26808
2019,Rice,30.69,44.11,375.72,8.35,6.56,2.69,31962
2020,Mango,33.06,64.91,907.41,11.4,6.31,3.13,33838
2017,Sugarcane,28.83,62.84,1191.09,12.38,6.03,4.56,44468
2020,Rice,31.49,84.72,525.12,14.93,5.89,2.41,22154
2016,Brinjal,28.67,75.99,751.17,5.85,5.82,4.67,42279
2021,Brinjal,21.46,41.71,526.21,8.57,7.34,2.38,21880
2018,Sugarcane,35.15,59.42,650.15,10.47,6.16,2.49,28017
2025,Potato,31.51,67.17,176.54,11.57,5.64,2.83,24317
2024,Cotton,19.14,70.56,972.02,4.51,7.66,2.83,27675
2022,Mango,27.68,49.11,874.51,7.05,6.26,3.85,38409
2021,Potato,22.05,52.42,656.22,9.85,7.69,3.2,28691
2019,Rice,30.75,65.66,782.08,13.71,7.33,2.53,29136
2020,Wheat,23.89,55.42,461.55,9.21,7.5,3.81,44662
2019,Wheat,21.06,66.03,155.59,5.47,7.65,2.84,29770
2021,Banana,27.69,70.79,777.32,11.84,5.65,4.46,44774
2019,Banana,18.34,76.07,468.75,13.72,7.23,2.95,29122
2015,Mango,24.7,42.12,1186.64,10.74,6.55,4.32,41770
2021,Rice,30.64,80.27,325.81,11.22,7.45,2.51,28265
2024,Wheat,30.29,55.23,463.23,2.58,6.81,2.78,27908
2016,Cotton,31.5,69.24,516.59,12.71,7.04,3.13,33573
2021,Rice,35.56,41.31,1085.63,3.76,5.69,2.23,20853
2018,Cotton,23.25,51.42,678.93,3.57,6.34,4.43,52050
2015,Mango,24.24,70.28,826.88,5.49,6.37,5.03,43260
2020,Banana,24.29,45.4,1069.05,6.22,6.05,4.59,44408
2022,Coffee,20.86,75.48,997.03,2.29,6.23,3.21,27256
2026,Rice,34.2,83.39,596.95,2.14,6.77,3.36,39801
2023,Banana,30.77,64.18,423.07,5.0,6.5,3.14,26118
2019,Potato,34.49,59.06,801.48,7.34,7.05,2.69,22491
2022,Coffee,33.72,71.74,539.78,2.58,7.24,2.48,29444
2024,Potato,18.07,67.88,390.03,7.52,7.65,2.2,22414
2021,Wheat,21.25,74.15,679.33,3.07,6.91,3.09,33281
2025,Brinjal,26.03,59.47,1190.0,11.04,7.36,3.88,42691
2017,Mango,24.34,48.1,548.49,11.13,7.35,3.44,30975
2022,Mango,35.95,45.08,333.3,9.9,7.23,1.55,18251
2023,Banana,33.8,71.71,469.52,9.56,7.72,2.81,28262
2021,Mango,21.05,79.36,1002.97,10.06,6.92,3.03,30645
2019,Coffee,22.68,81.53,920.7,1.76,6.53,4.9,54609
2017,Sugarcane,25.06,40.4,941.26,3.99,6.28,4.07,41128
2023,Banana,19.13,57.2,408.82,3.37,7.3,1.9,19435
2015,Brinjal,30.74,82.66,925.47,14.75,6.9,3.88,39657
2022,Brinjal,30.58,56.92,341.83,11.73,7.65,2.06,18898
2022,Rice,33.53,57.94,500.48,5.14,7.65,1.76,20745
2018,Tomato,35.71,76.39,922.31,5.72,7.5,2.93,28005
2025,Brinjal,26.99,77.8,273.59,6.67,5.65,4.09,37837
2024,Potato,19.78,84.79,492.57,9.63,5.51,2.55,27515
2024,Rice,32.74,62.84,357.3,6.85,7.61,2.5,22550
2026,Banana,22.38,72.86,873.71,11.45,7.28,4.65,44461
2022,Sugarcane,22.81,73.67,456.66,1.08,5.76,3.96,35313
2021,Cotton,20.81,74.0,280.57,10.74,5.88,2.94,33137
2020,Banana,20.33,47.08,1172.88,10.94,6.86,2.44,22281
2021,Brinjal,33.98,58.79,632.1,1.99,7.33,2.42,24140
2024,Tomato,22.63,80.4,488.96,7.88,6.04,4.71,54736
2026,Wheat,22.32,40.87,572.7,6.66,6.04,4.55,43493
2019,Banana,32.74,44.77,514.42,12.62,7.04,2.38,21634
2015,Potato,29.2,67.18,269.2,11.79,6.13,5.02,40236
2019,Tomato,21.47,68.42,1006.22,2.12,5.53,2.99,24017
2025,Cotton,19.98,46.93,674.46,5.41,7.11,2.84,24825
2023,Brinjal,30.66,46.46,641.69,12.17,5.55,1.79,16086
2016,Banana,34.27,83.43,1036.19,3.15,7.16,3.63,31588
2024,Rice,27.77,46.39,599.84,4.13,7.34,3.38,34003
2016,Rice,24.18,67.5,1010.97,7.5,6.58,5.28,46364
2021,Wheat,35.85,80.55,676.55,9.67,5.59,2.24,26263
2019,Cotton,25.72,75.26,451.87,13.84,7.52,3.74,44660
2019,Sugarcane,30.33,49.23,354.16,6.89,7.25,2.15,21269
2025,Wheat,19.53,41.75,528.16,12.71,6.62,2.66,31227
2018,Cotton,35.95,81.94,436.62,6.82,5.62,3.16,25770
2021,Brinjal,19.51,66.91,974.89,14.18,7.58,2.77,29268
2019,Brinjal,20.71,82.47,194.84,5.89,6.29,3.68,30197
2015,Rice,19.29,51.3,249.23,14.91,6.78,2.57,21751
2021,Rice,19.04,83.41,498.23,2.95,6.19,3.85,35663
2022,Mango,18.48,55.03,321.71,10.14,6.55,2.33,25231
2016,Cotton,21.95,83.38,207.86,1.21,7.11,3.02,30127
2023,Wheat,27.33,47.18,527.33,1.93,5.56,3.74,38524
2016,Mango,20.9,45.4,1009.6,2.12,6.54,2.55,29160
2026,Wheat,21.38,52.17,310.36,2.23,7.45,1.7,20033
2018,Wheat,28.79,69.8,142.72,8.27,7.45,4.52,43584
2017,Brinjal,26.68,42.08,535.05,14.37,5.74,3.14,35008
2022,Banana,28.27,76.15,327.0,7.88,7.62,4.09,41720
2024,Coffee,22.8,45.64,1182.97,8.04,7.46,3.96,45202
2018,Banana,22.08,55.06,446.61,2.14,7.73,3.95,37466
2019,Potato,29.28,53.23,544.2,9.33,6.36,4.09,45537
2022,Sugarcane,30.8,61.61,1065.69,4.38,6.92,3.63,40872
2023,Coffee,18.85,65.77,938.23,2.37,6.09,3.91,37273
2017,Brinjal,19.06,51.58,772.03,12.85,6.89,2.78,28644
2024,Brinjal,35.26,61.21,968.72,2.57,6.7,3.29,36275
2016,Wheat,29.25,42.88,299.29,11.78,6.88,4.08,40786
2019,Potato,19.07,64.35,365.55,8.99,6.55,3.61,43238
2023,Tomato,26.24,46.71,607.97,11.88,6.73,3.99,36840
2026,Cotton,27.78,64.58,869.84,5.48,7.63,3.86,45407
2023,Mango,26.27,84.12,1100.93,12.03,7.43,4.38,52015
2023,Cotton,22.47,83.38,142.15,7.61,6.55,5.41,53804
